code,description,service_type,family,level,typical_minutes,base_price_inr,max_rental_months
EM1,"Office visit, level 1 (synthetic)",professional,em,1,10,400,
EM2,"Office visit, level 2 (synthetic)",professional,em,2,15,700,
EM3,"Office visit, level 3 (synthetic)",professional,em,3,25,1100,
EM4,"Office visit, level 4 (synthetic)",professional,em,4,40,1700,
EM5,"Office visit, level 5 (synthetic)",professional,em,5,60,2600,
ORT-101,Closed fracture reduction (synthetic),professional,procedure,,45,18000,
ORT-214,Arthroscopic knee debridement (synthetic),professional,procedure,,90,42000,
ORT-219,Limited shoulder arthroscopy (synthetic),professional,procedure,,80,38000,
ORT-305,Joint injection (synthetic),professional,procedure,,20,3500,
CAR-110,Echocardiogram reading (synthetic),professional,procedure,,30,2500,
CAR-220,Cardiac stress test (synthetic),professional,procedure,,45,6000,
CAR-410,Coronary angiography (synthetic),professional,procedure,,90,35000,
ONC-120,Chemotherapy administration (synthetic),professional,procedure,,120,15000,
ONC-210,Bone marrow biopsy (synthetic),professional,procedure,,45,12000,
PED-110,Newborn assessment (synthetic),professional,procedure,,30,1500,
PED-210,Immunisation administration (synthetic),professional,procedure,,10,600,
NEP-110,Renal biopsy (synthetic),professional,procedure,,60,20000,
EMR-110,Emergency resuscitation (synthetic),professional,procedure,,60,9000,
EMR-210,Complex wound repair (synthetic),professional,procedure,,40,5000,
RAD-110,X-ray reading (synthetic),professional,procedure,,10,800,
RAD-210,CT reading (synthetic),professional,procedure,,20,3500,
RAD-310,MRI reading (synthetic),professional,procedure,,30,6000,
PHY-010,Physiotherapy session (synthetic),professional,procedure,,45,900,
PHY-031,"Post-operative rehabilitation package, 10 sessions (synthetic)",professional,procedure,,60,24000,
GEN-110,Minor skin procedure (synthetic),professional,procedure,,20,1500,
GEN-210,Nebulisation (synthetic),professional,procedure,,15,500,
FAC-IPD,"Inpatient room and board, per day (synthetic)",facility,inpatient,,0,6000,
FAC-ICU,"Intensive care, per day (synthetic)",facility,inpatient,,0,15000,
FAC-OT,Operation theatre charges (synthetic),facility,inpatient,,0,60000,
FAC-OPD,Outpatient facility visit (synthetic),facility,outpatient,,0,1500,
FAC-DAY,Day-care procedure facility fee (synthetic),facility,outpatient,,0,25000,
FAC-ER,Emergency room facility fee (synthetic),facility,outpatient,,0,4000,
DIA-001,Haemodialysis session (synthetic),facility,dialysis,,0,2500,
LAB-100,Basic metabolic panel (synthetic),lab,panel,,5,900,
LAB-101,Sodium (synthetic),lab,component,,5,350,
LAB-102,Potassium (synthetic),lab,component,,5,350,
LAB-103,Creatinine (synthetic),lab,component,,5,350,
LAB-104,Glucose (synthetic),lab,component,,5,350,
LAB-200,Lipid panel (synthetic),lab,panel,,5,800,
LAB-201,Total cholesterol (synthetic),lab,component,,5,400,
LAB-202,HDL cholesterol (synthetic),lab,component,,5,400,
LAB-203,Triglycerides (synthetic),lab,component,,5,400,
LAB-300,Complete blood count panel (synthetic),lab,panel,,5,450,
LAB-301,Haemoglobin (synthetic),lab,component,,5,250,
LAB-302,White cell count (synthetic),lab,component,,5,250,
LAB-303,Platelet count (synthetic),lab,component,,5,250,
LAB-410,Dengue NS1 antigen (synthetic),lab,test,,5,900,
LAB-420,HbA1c (synthetic),lab,test,,5,600,
LAB-430,Thyroid profile (synthetic),lab,test,,5,700,
LAB-440,Urine routine (synthetic),lab,test,,5,250,
AMB-BLS,Basic life support transport (synthetic),ambulance,transport,,60,1500,
AMB-ALS,Advanced life support transport (synthetic),ambulance,transport,,75,3500,
BH-030,"Psychotherapy, 30 minutes (synthetic)",behavioral_health,therapy,,30,900,
BH-045,"Psychotherapy, 45 minutes (synthetic)",behavioral_health,therapy,,45,1300,
BH-060,"Psychotherapy, 60 minutes (synthetic)",behavioral_health,therapy,,60,1800,
BH-090,Psychiatric diagnostic evaluation (synthetic),behavioral_health,evaluation,,90,3000,
HH-010,Skilled nursing home visit (synthetic),home_health,visit,,60,1500,
HH-020,Home physiotherapy visit (synthetic),home_health,visit,,45,1200,
HH-030,Home health aide visit (synthetic),home_health,visit,,120,1000,
RX-FILL,Prescription fill (synthetic),pharmacy,fill,,0,0,
DME-RENT,DME monthly rental (synthetic),dme,rental,,0,0,13
DME-BUY,DME purchase (synthetic),dme,purchase,,0,0,
